{"cameraMode":{"drawMode":0,"name":"Shaded","section":"Shading Mode"},"sceneLighting":true,"audioPlay":false,"sceneViewState":{"m_AlwaysRefresh":false,"showFog":true,"showSkybox":true,"showFlares":true,"showImageEffects":true,"showParticleSystems":true,"showVisualEffectGraphs":true,"m_FxEnabled":true},"in2DMode":false,"pivot":{"x":230.82266235351563,"y":-44.043670654296878,"z":-120.23770141601563},"rotation":{"x":-0.21497637033462525,"y":0.20506852865219117,"z":-0.046224188059568408,"w":-0.953732967376709},"size":241.97344970703126,"orthographic":false}