{"cameraMode":{"drawMode":0,"name":"Shaded","section":"Shading Mode"},"sceneLighting":true,"audioPlay":false,"sceneViewState":{"m_AlwaysRefresh":false,"showFog":true,"showSkybox":true,"showFlares":true,"showImageEffects":true,"showParticleSystems":true,"showVisualEffectGraphs":true,"m_FxEnabled":true},"in2DMode":false,"pivot":{"x":-0.14484834671020509,"y":-1.3256421089172364,"z":8.764162063598633},"rotation":{"x":0.2203664779663086,"y":-0.04131089895963669,"z":0.008945952169597149,"w":0.9748348593711853},"size":9.694183349609375,"orthographic":false}